{
  "timestamp": "2026-04-18T13:25:21.862111",
  "metrics": {},
  "test_results": [
    {
      "test": "KB Search - Baseline",
      "iterations": 20,
      "latencies_ms": [
        2229.8314571380615,
        2254.377603530884,
        2228.732109069824,
        2220.9060192108154,
        2227.6711463928223,
        2220.801591873169,
        2211.6124629974365,
        2234.1339588165283,
        2228.4271717071533,
        2232.5851917266846,
        2226.03178024292,
        2223.600149154663,
        2221.1625576019287,
        2240.842342376709,
        2248.5814094543457,
        2221.728563308716,
        2250.1609325408936,
        2234.3661785125732,
        2214.0161991119385,
        2221.446752548218
      ],
      "p50": 2228.4271717071533,
      "p95": 2254.377603530884,
      "p99": 2254.377603530884,
      "mean": 2229.550778865814,
      "stddev": 11.583027821774913,
      "min": 2211.6124629974365,
      "max": 2254.377603530884,
      "throughput": 0.44852084531068903
    },
    {
      "test": "KB Search - With Cache",
      "iterations": 100,
      "latencies_ms": [
        0.0,
        0.0,
        0.0,
        0.0,
        0.0,
        0.0,
        0.0,
        0.0,
        0.0,
        0.0,
        0.0,
        0.0,
        0.0,
        0.0,
        0.0,
        0.0,
        0.0,
        0.0,
        0.0,
        0.0,
        0.0,
        0.0,
        0.0,
        0.0,
        0.0,
        0.0,
        0.0,
        0.0,
        0.0,
        0.0,
        0.0,
        0.0,
        0.0,
        0.0,
        0.0,
        0.0,
        0.0,
        0.0,
        0.0,
        0.0,
        0.0,
        0.0,
        0.0,
        0.0,
        0.0,
        0.0,
        0.0,
        0.0,
        0.0,
        0.0,
        0.0,
        0.0,
        0.0,
        0.0,
        0.0,
        0.0,
        0.0,
        0.0,
        0.0,
        0.0,
        0.0,
        0.0,
        0.0,
        0.0,
        0.0,
        0.0,
        0.0,
        0.0,
        0.0,
        0.0,
        0.0,
        0.0,
        0.0,
        0.0,
        0.0,
        0.0,
        0.0,
        0.0,
        0.0,
        0.0,
        1.0218620300292969,
        0.0,
        0.0,
        0.0,
        0.0,
        0.0,
        0.0,
        0.0,
        0.0,
        0.0,
        0.0,
        0.0,
        0.0,
        0.0,
        0.0,
        0.0,
        0.0,
        0.0,
        0.0,
        0.0
      ],
      "cache_hits": 100,
      "cache_misses": 0,
      "hit_rate": 100.0,
      "p50": 0.0,
      "p95": 0.0,
      "p99": 1.0218620300292969,
      "mean": 0.010218620300292969,
      "stddev": 0.10218620300292969,
      "min": 0.0,
      "max": 1.0218620300292969,
      "throughput": 97860.56929538031
    },
    {
      "test": "Proposals List - Baseline",
      "iterations": 20,
      "latencies_ms": [
        1237.7815246582031,
        1213.7489318847656,
        1239.466905593872,
        1218.414545059204,
        1218.0356979370117,
        1208.7483406066895,
        1209.9111080169678,
        1212.4266624450684,
        1224.393606185913,
        1226.531982421875,
        1215.3422832489014,
        1213.6976718902588,
        1209.965705871582,
        1206.014633178711,
        1209.3658447265625,
        1238.450288772583,
        1214.4789695739746,
        1206.7713737487793,
        1206.1092853546143,
        1203.742265701294
      ],
      "p50": 1213.7489318847656,
      "p95": 1239.466905593872,
      "p99": 1239.466905593872,
      "mean": 1216.6698813438416,
      "throughput": 0.8219156365533399
    },
    {
      "test": "Concurrent Load (10 users)",
      "concurrent_users": 10,
      "requests_per_user": 10,
      "total_requests": 100,
      "total_time_seconds": 0.8108258247375488,
      "throughput_rps": 123.33104959054354,
      "p50": 0.0,
      "p95": 809.1788291931152,
      "p99": 810.8258247375488,
      "mean": 80.9151554107666
    }
  ]
}